role,parent_statement,policy_statement,source_quote,section_header,extraction_rationale,primary_category,is_actionable,validation_confidence,validation_reasoning,rejection_reason,validation_result
individual,,Seattle reaffirmed its commitment to the Paris Agreement goals and directed OSE to identify actions needed to help limit warming to 1.5 degrees Celsius.,"In response to the Trump administration's withdrawal of support for the international Paris Climate Agreement last year, the City Council adopted Resolution 31757, affirming Seattle's commitment to the goals established in the Paris Agreement, and directing the Office of Sustainability & Environment (OSE) to identify the actions necessary to do our part to limit warming to 1.5 degrees Celsius. The resulting actions, developed under the leadership of Mayor Durkan, reflect a tipping point in the transition to Seattle's zero emissions future.",Background,This qualifies because it is a formal council resolution with a concrete directive tied to a temperature goal.,Mitigation,False,0.82,"- The source states the City Council ""adopted Resolution 31757, affirming Seattle's commitment to the goals established in the Paris Agreement"" — this is aspirational language and not a concrete, enforceable requirement.
- It further ""direct[ed] the Office of Sustainability & Environment (OSE) to identify the actions necessary to do our part to limit warming to 1.5 degrees Celsius"" — this is a process directive (identify actions) rather than a commitment to implement specific measures or achieve defined outcomes.
- While ""1.5 degrees Celsius"" is a quantifiable global target, the text does not translate this into a city-level, measurable target (e.g., specific GHG reductions by a deadline).
- There is no evidence of a binding mechanism such as a law or ordinance (a resolution typically expresses intent and is often non-binding).
- No specific intervention with a clear deliverable or resource allocation is named.","- The source states the City Council ""adopted Resolution 31757, affirming Seattle's commitment to the goals established in the Paris Agreement"" — this is aspirational language and not a concrete, enforceable requirement.
- It further ""direct[ed] the Office of Sustainability & Environment (OSE) to identify the actions necessary to do our part to limit warming to 1.5 degrees Celsius"" — this is a process directive (identify actions) rather than a commitment to implement specific measures or achieve defined outcomes.
- While ""1.5 degrees Celsius"" is a quantifiable global target, the text does not translate this into a city-level, measurable target (e.g., specific GHG reductions by a deadline).
- There is no evidence of a binding mechanism such as a law or ordinance (a resolution typically expresses intent and is often non-binding).
- No specific intervention with a clear deliverable or resource allocation is named.",NON-SOUND
individual,,"Seattle will develop and release a strategy to address congestion and transportation emissions through pricing, coupled with investments in transit and electrification in underserved communities.","Announce that the City will develop and release a strategy to address congestion and transportation emissions through pricing, coupled with investments in expanded transit and electrification in underserved communities.

Research suggests that the most effective strategy for reducing GHG emissions and generating the revenue needed to support transportation alternatives is to put a price on the use of city streets through congestion pricing or some other method of pricing transportation externalities.",Improving mobility through pricing,"This is a specific near-term action centered on a named intervention, though it commits first to strategy development rather than immediate pricing implementation.",Mitigation,False,0.81,"- The source states: ""Announce that the City will develop and release a strategy..."" indicating a process commitment to create a strategy, not to implement a policy outcome (e.g., no actual pricing program is committed).
- There are no quantifiable targets, deadlines, or units anywhere in the text.
- There is no binding mechanism (no ordinance, regulation, or law is pledged).
- Although it references ""pricing"" and ""investments in expanded transit and electrification in underserved communities,"" it provides no concrete intervention being implemented, nor any committed resources or amounts—only that a strategy will be developed.
- The research note (""Research suggests..."") is descriptive and does not constitute a commitment.","- The source states: ""Announce that the City will develop and release a strategy..."" indicating a process commitment to create a strategy, not to implement a policy outcome (e.g., no actual pricing program is committed).
- There are no quantifiable targets, deadlines, or units anywhere in the text.
- There is no binding mechanism (no ordinance, regulation, or law is pledged).
- Although it references ""pricing"" and ""investments in expanded transit and electrification in underserved communities,"" it provides no concrete intervention being implemented, nor any committed resources or amounts—only that a strategy will be developed.
- The research note (""Research suggests..."") is descriptive and does not constitute a commitment.",NON-SOUND
individual,,Seattle will develop recommendations to make all new for-hire vehicles electric and prepare to permit only electric vehicles for for-hire use after a future cutoff year.,"Work with community and business stakeholders to develop recommendations for making all new forhire vehicles in Seattle electric.

The city will work with these stakeholders to create recommendations on how to electrify shared vehicle fleets, determine a year after which all such vehicles must be electric, and prepare for the City to begin permitting only electric vehicles for for-hire use.",Ride share and taxi fleet electrification,"This is a concrete policy-development commitment with a clear future regulatory endpoint, though the cutoff year is not yet specified.",Mitigation,False,0.78,"The source text centers on process: “Work with community and business stakeholders to develop recommendations…” and “create recommendations… determine a year… and prepare for the City to begin permitting only electric vehicles for for-hire use.” There is no quantifiable target specified (no numbers or deadline yet), no binding mechanism enacted (only “prepare” to change permitting), and the concrete action (“begin permitting only electric vehicles”) is not committed—only preparation for it is. The only near-term deliverable mentioned is recommendations and determining a year, which are process steps without a mandated outcome.","The source text centers on process: “Work with community and business stakeholders to develop recommendations…” and “create recommendations… determine a year… and prepare for the City to begin permitting only electric vehicles for for-hire use.” There is no quantifiable target specified (no numbers or deadline yet), no binding mechanism enacted (only “prepare” to change permitting), and the concrete action (“begin permitting only electric vehicles”) is not committed—only preparation for it is. The only near-term deliverable mentioned is recommendations and determining a year, which are process steps without a mandated outcome.",NON-SOUND
individual,,Seattle will prioritize 2019 state legislation to create a tiered residential energy code that cities can adopt.,"Adopt a tiered state residential energy code that can be adopted by cities.

Cities are currently only able to adopt a commercial energy code in Washington state, while the state controls the residential version. Seattle and other municipalities are interested in a tiered residential energy code, which would allow them to adopt an incrementally higher standard. State legislation would be required directing the State Building Code Council, which Seattle is a member of, to develop the tiered code. Higher tiers could also be used as the base State code in the following code cycle. Legislation to allow for tiered energy codes will be a priority for the City of Seattle in the 2019 legislative session.",Washington State tiered residential energy code,"This is a concrete legislative priority aimed at enabling a new code framework, though enactment depends on state action.",Resource Efficiency,False,0.78,"- The source states that “State legislation would be required… Legislation to allow for tiered energy codes will be a priority for the City of Seattle in the 2019 legislative session.” This frames the policy as advocacy/prioritization, not an adopted binding policy.
- There is no quantifiable target (no percentage efficiency, emissions reduction, or adoption deadline for a tier), only a time-bound lobbying effort (“2019 legislative session”) without a measurable outcome.
- The mechanism is contingent on state action (“State legislation would be required”), and Seattle commits only to make it a priority, not to enact a law or adopt a code itself.
- No specific deliverable within Seattle’s control or resource allocation is identified.
- Therefore, it fits “process without outcome” and “vague verb” (“prioritize”) criteria for NON-SOUND.","- The source states that “State legislation would be required… Legislation to allow for tiered energy codes will be a priority for the City of Seattle in the 2019 legislative session.” This frames the policy as advocacy/prioritization, not an adopted binding policy.
- There is no quantifiable target (no percentage efficiency, emissions reduction, or adoption deadline for a tier), only a time-bound lobbying effort (“2019 legislative session”) without a measurable outcome.
- The mechanism is contingent on state action (“State legislation would be required”), and Seattle commits only to make it a priority, not to enact a law or adopt a code itself.
- No specific deliverable within Seattle’s control or resource allocation is identified.
- Therefore, it fits “process without outcome” and “vague verb” (“prioritize”) criteria for NON-SOUND.",NON-SOUND
